Roll_No,Name,Gender,Department,Semester,Maths,Science,English,Computer,Attendance,Total,Average,Grade,Result,Attendance_Status
105,Karan,Male,IT,5,55,62,58,61,72,236,59.0,D,Pass,Low
107,Rohan,Male,CE,5,45,52,50,48,65,195,48.75,F,Pass,Low
111,Aakash,Male,CE,5,58,61,63,59,74,241,60.25,C,Pass,Low
115,Aditya,Male,CE,5,52,55,51,53,70,211,52.75,D,Pass,Low
119,Kunwar,Male,CE,5,49,50,53,47,68,199,49.75,F,Pass,Low
123,Manish,Male,CE,5,55,59,57,56,71,227,56.75,D,Pass,Low
127,Gaurav,Male,CE,5,42,48,45,44,60,179,44.75,F,Pass,Low
133,Harsh,Male,IT,5,57,54,56,58,73,225,56.25,D,Pass,Low
135,Arjun,Male,CE,5,50,53,52,49,67,204,51.0,D,Pass,Low
139,Kartik,Male,CE,5,47,49,46,50,64,192,48.0,F,Pass,Low
143,Raman,Male,CE,5,54,57,55,53,69,219,54.75,D,Pass,Low
147,Mohit,Male,CE,5,44,46,43,45,61,178,44.5,F,Pass,Low
